{
    "version": "12.4.0 (Telegram Fix)",
    "timestamp": "2025-06-17 01:03:31",
    "live_balance": 499.87541281,
    "demo_balance": 10345.59782441,
    "live_pnl": -2.72733,
    "demo_pnl": -24.8715,
    "live_pos_count": 20,
    "demo_pos_count": 20
}