{
    "version": "14.2.0 (Stabil Indítás)",
    "timestamp": "2025-06-18 21:44:56",
    "live_balance": 489.54234419,
    "demo_balance": 9975.46206415,
    "live_pnl": -18.81904,
    "demo_pnl": 2.6605499999999997,
    "live_pos_count": 20,
    "demo_pos_count": 20
}